M1,M2,mu,m_chi1,m_chi2,tanb,m_A,m_H,BR_bsg,Omega_h2,sigma_SI,sigma_SD,chi2,weight,label
522.232,940.007,1058.22,383.226,955.684,16.847,1283.4,1053.22,0.000346109,0.0751962,5.41919e-09,1.33316e-08,28.883,2.37833,0
297.661,510.498,656.873,309.943,681.316,20.726,1504.47,1395.33,0.000351446,0.203895,8.62154e-09,7.22723e-08,24.0499,1.14763,0
519.187,987.162,1066.15,452.03,1075.81,30.3646,2061.16,2150.01,0.000333076,0.146041,7.625e-09,7.42032e-08,28.0772,1.97794,0
329.641,591.391,709.647,362.564,741.787,29.3606,1370.6,1355.93,0.000330564,0.194378,7.94396e-09,5.95865e-08,19.1161,1.34458,1
345.619,568.264,562.214,317.896,452.667,27.0441,1552.83,1731.46,0.000306715,0.10589,2.63326e-09,3.1619e-08,22.6922,1.80918,0
460.9,823.659,832.669,493.708,838.367,19.0633,1607.98,1500.19,0.000338947,0.0492474,2.22506e-09,2.85824e-08,26.2564,3.17648,0
628.465,863.545,1103.41,500.021,1033.5,24.811,1360.14,927.092,0.000363787,0.00790482,-1.43296e-09,-4.34865e-09,27.6146,5.99728,0
395.047,800.124,1202.23,386.536,844.898,37.3737,2159.6,2227.92,0.00032237,0.0952403,3.01597e-09,3.29453e-08,28.8121,1.22648,0
425.922,794.456,951.865,376.372,895.067,36.4148,2378.9,2568.87,0.000237609,0.0634514,6.42396e-09,4.10301e-08,26.2833,1.66067,0
488.655,615.366,598.279,400.444,703.932,25.8659,962.769,1520.18,0.00035663,0.0638189,1.37036e-09,2.996e-08,23.1536,0.836605,0
641.319,1142.05,897.645,557.149,1096.79,18.9152,1071.2,1275.24,0.000346441,0.182756,6.6093e-09,5.83217e-08,19.2429,4.73289,1
340.476,627.348,616.109,190.201,642.095,10.2956,930.378,1089.45,0.000324909,0.179772,7.23629e-09,4.42784e-08,19.5854,6.23818,1
258.998,712.589,971.666,299.759,446.277,15.6245,1088.24,1289.58,0.000375943,0.0893198,1.71239e-09,3.83649e-08,21.634,6.6438,1
355.116,902.733,629.77,388.471,909.565,21.6037,1296.26,1560.53,0.000290692,0.1228,5.23903e-09,2.34873e-08,20.777,2.95609,1
632.42,1034.42,1012.69,645.135,1055.59,27.1571,1343.58,1098.7,0.000325683,0.170396,7.09282e-09,5.30869e-08,20.1424,1.94661,1
588.397,926.606,1263.09,544.043,1028.23,9.50936,939.433,841.103,0.00037935,0.128428,5.74607e-09,4.89653e-08,19.9813,2.22346,1
476.403,786.059,1342.16,452.784,879.99,35.4506,1805.58,1446.38,0.000291779,0.139016,5.79046e-09,5.21069e-08,26.4449,3.91498,0
113.22,452.653,546.684,178.449,436.714,28.9196,2049.95,1862.02,0.000357549,0.112917,4.71469e-09,3.73495e-08,19.5157,1.5101,1
503.931,960.054,793.592,475.409,917.288,28.7922,2320.91,1838.93,0.000291725,0.157659,7.6076e-09,4.30117e-08,21.9697,11.6415,1
372.626,566.201,577.1,256.539,634.14,37.974,2471.73,2893.69,0.000286294,0.151747,6.28981e-09,5.46811e-08,20.733,2.17453,1
247.162,412.758,637.124,226.239,491.297,20.8438,1631.3,1343.26,0.000326003,0.0879493,9.19829e-10,2.8496e-08,19.8869,3.10686,1
499.241,908.953,943.141,518.41,784.845,16.9173,723.303,854.012,0.000335878,0.14367,3.81258e-09,6.56968e-08,14.0622,2.62538,1
405.223,975.196,1161.16,464.703,803.479,33.9674,1787.92,2200.12,0.000308123,0.108589,4.89496e-09,2.9413e-08,23.2946,2.35062,0
531.575,992.612,909.966,471.024,960.153,15.4661,905.702,927.444,0.000353953,0.181318,9.32944e-09,7.96516e-08,17.9885,4.01702,1
469.115,777.865,1050.45,356.553,731.407,25.7486,2012.12,1605.52,0.000288492,0.0440071,1.73772e-09,1.39998e-08,30.0408,0.0945501,0
367.387,949.802,940.406,444.041,812.946,8.07586,656.012,805.864,0.000370619,0.0894184,4.90842e-09,3.15062e-08,22.709,1.76593,0
435.862,581.034,820.911,311.124,617.576,29.9144,1661.24,1607.49,0.000327906,0.144848,5.5414e-09,6.15138e-08,34.3133,8.51915,0
336.361,651.226,1023.64,309.986,637.304,28.0869,1698.05,1660.42,0.000324528,0.137515,6.03206e-09,4.02172e-08,23.8717,8.44555,0
662.513,1124.58,1203.77,607.858,1092.74,25.9059,1933.14,1428.43,0.00032962,0.0993942,3.74041e-09,4.11634e-08,23.1111,1.73746,0
388.954,656.022,566.623,311.354,499.82,33.1153,1671.79,1727.69,0.000321659,0.11348,6.01784e-09,3.49636e-08,20.1349,6.2546,1
312.092,713.627,957.755,281.009,718.6,35.8826,1791.65,2129.56,0.000307545,0.0838871,3.27891e-09,4.52455e-08,20.4591,0.565564,1
524.909,1162.53,798.865,426.015,921.116,24.9916,1345.39,1652.47,0.000334211,0.179888,5.7261e-09,5.52841e-08,24.6709,1.99599,0
366.16,776.927,756.741,227.989,582.116,22.7821,1999.36,2022.28,0.00027537,0.111913,5.60088e-09,5.78008e-08,25.432,2.84392,0
752.842,1392.02,1286.63,704.71,1089.63,18.2552,1019.66,1744.74,0.000350399,0.0580405,2.6928e-09,4.40671e-08,18.4165,1.94129,1
414.04,898.906,1122.94,417.969,819.531,34.0581,3008.71,2816.84,0.000298266,0.039201,2.0923e-09,1.1617e-08,21.9764,1.14605,1
316.194,668.997,1020.95,320.333,736.506,19.5706,671.66,1106.56,0.000365473,0.0875345,3.6094e-09,3.02648e-08,20.7,2.35166,1
512.563,923.073,835.164,433.065,849.434,19.189,1170.38,895.76,0.000358559,0.0615086,2.25827e-09,4.22862e-08,31.6596,1.71353,0
468.323,1011.69,764.441,504.206,943.24,21.8459,1298.14,1391.67,0.000326905,0.0598895,5.33379e-09,2.21302e-08,20.9072,2.55891,1
570.615,1205.03,1401.37,508.658,1034.58,16.7996,1291.01,1431.03,0.000355211,0.0769146,4.87179e-09,3.06171e-08,19.9811,2.58685,1
310.649,616.317,1012.38,258.846,724.355,29.3706,1861.99,1786.06,0.00034088,0.209476,9.58212e-09,7.78233e-08,23.4074,1.19182,0
362.523,920.862,916.511,406.038,770.829,18.1424,1343.05,1430.77,0.000323982,0.132528,4.70417e-09,4.68498e-08,20.4792,4.90248,1
710.74,1443.11,1555.33,740.108,1276.36,37.3597,1808.02,2120.31,0.000293782,0.105439,3.11509e-09,4.08813e-08,28.0681,2.68928,0
467.223,1014.64,1009.74,452.546,958.684,18.3379,1072.91,1091.02,0.000352667,0.142062,9.14965e-09,5.56361e-08,22.0435,2.1463,1
910.075,1243.57,1737.01,714.19,1424.28,14.3523,930.372,1082.79,0.00034756,0.132272,3.3159e-09,3.40609e-08,25.9673,1.7322,0
486.751,915.05,1217.47,474.45,810.723,35.3934,1974.01,1506.12,0.000332909,0.148276,7.42882e-09,7.02439e-08,22.7658,8.30657,0
309.425,537.42,654.124,277.07,483.519,23.6626,1736.58,1959.74,0.000304962,0.0797374,5.02058e-09,3.49116e-08,23.1609,2.40004,0
602.793,1104.37,1346.64,587.237,913.874,17.1397,1423.63,1063.26,0.000329865,0.125465,4.65707e-09,2.96454e-08,25.0071,4.5916,0
408.271,735.473,771.037,279.823,682.329,29.953,2272.11,2354.3,0.000326439,0.106737,5.16505e-09,3.76332e-08,24.1006,5.19044,0
380.973,856.206,762.703,325.064,657.753,16.071,1433.97,926.16,0.000380617,0.147537,5.13989e-09,3.20954e-08,21.149,5.66411,1
580.239,1005.49,1048.6,443.691,900.728,23.5602,1935.32,1266.96,0.000275865,0.168331,8.66433e-09,6.09546e-08,19.0005,2.7024,1
779.699,1213.91,1550.77,605.688,989.812,19.2706,1820.18,1641.64,0.000356727,0.0870629,5.63632e-09,3.3568e-08,24.4853,1.391,0
391.844,658.133,1148.04,355.557,824.18,21.4594,1551.78,1681.44,0.000339635,0.150256,6.30679e-09,5.78087e-08,18.2856,2.87295,1
13.1732,311.292,191.159,65.6866,390.69,16.3758,1678.17,1234.71,0.000308846,0.109034,6.52894e-09,3.90198e-08,22.127,0.942313,1
253.368,659.066,763.038,259.169,551.158,38.3176,2387.47,2266.08,0.000317484,0.150461,9.81294e-09,7.33964e-08,20.2029,2.06496,1
372.9,937.273,694.527,259.943,608.912,23.6562,1169.54,1308.84,0.000308044,0.132937,7.82308e-09,4.15936e-08,24.834,0.663239,0
329.974,719.086,676.451,266.683,564.22,36.5223,1592.74,1538.96,0.000318207,-0.00704506,-1.94822e-09,9.81441e-09,27.6613,0.652041,0
464.039,872.771,790.552,391.629,789.661,23.7349,1170.39,1468.87,0.000351581,0.102539,4.3731e-09,4.24817e-08,21.7748,2.68615,1
400.247,694.597,869.491,306.951,655.47,22.2994,1737.01,1750.44,0.000321319,0.128367,6.95157e-09,4.3866e-08,17.9124,2.89549,1
333.851,912.932,845.345,446.932,858.534,29.4407,1570.56,1669.28,0.000361493,0.151888,6.34436e-09,2.47747e-08,16.6885,0.614388,1
432.548,788.06,681.63,410.23,839.428,12.1782,620.016,982.545,0.000353791,0.12851,5.87703e-09,5.3122e-08,17.2029,1.68935,1
205.421,520.284,642.073,147.672,541.382,39.033,2458.53,1958.78,0.000341096,0.134915,6.70432e-09,5.5455e-08,21.2659,0.454844,1
400.668,735.107,734.669,427.479,765.711,25.049,1391.8,1954.22,0.000312947,0.206883,8.25256e-09,8.18399e-08,18.691,3.44977,1
374.22,563.092,747.188,330.558,724.089,20.1843,1467.44,1874.13,0.000332587,0.122366,4.97431e-09,3.13476e-08,26.839,0.538571,0
463.095,625.726,1015.02,356.906,677.986,22.2125,888.388,1024.61,0.000370504,0.0499297,9.90537e-10,2.48053e-08,20.2572,4.14074,1
403.578,977.056,1026.66,356.538,783.21,46.6173,2562.98,2266.27,0.000281755,0.158563,8.25424e-09,6.49435e-08,20.7495,5.63719,1
548.141,1059.13,1261.22,508.935,940.607,31.4022,2159.32,2466.26,0.000289074,0.0752696,3.56289e-09,4.3133e-08,24.3411,1.25286,0
422.759,925.453,1202.04,415.748,810.89,35.1211,1493.43,2274.63,0.000311938,0.100522,1.77461e-09,2.82247e-08,26.0274,0.50972,0
341.412,492.773,627.594,288.564,648.693,41.0572,2296.13,2380.02,0.000278384,0.120721,4.7787e-09,2.18459e-08,28.1104,2.11533,0
383.223,1018.35,713.705,398.988,829.921,24.2588,1149.28,1131.91,0.00036431,0.0819658,3.202e-09,1.86737e-08,13.9508,3.34451,1
259.045,746.844,526.53,280.354,556.487,33.8914,1620.78,1825.98,0.000346253,0.181764,7.4176e-09,5.61525e-08,21.7598,3.41217,1
592.82,1056.69,1008.39,465.141,821.417,18.9202,1398.67,2029.32,0.000321187,0.098436,4.70573e-09,5.22498e-08,30.0884,1.9088,0
499.057,853.34,672.679,475.915,823.174,25.8892,2026.01,2187.98,0.000333827,0.108155,5.97187e-09,4.02287e-08,28.2322,0.430014,0
198.629,584.919,488.423,174.407,422.82,19.6103,851.566,1429.42,0.000357729,0.11667,5.07781e-09,4.96924e-08,21.9479,0.238476,1
-22.6884,422.475,349.24,29.3929,52.5585,28.9104,1488.31,1488.57,0.000284436,0.164907,7.2104e-09,4.29086e-08,19.5331,2.19571,1
598.93,1237.33,1227.86,554.458,1136,16.8595,1536.36,1235.25,0.000342781,0.0832013,4.66084e-09,5.31055e-08,22.4273,1.04445,0
716.251,1196.29,1368.77,506.322,1054.2,20.9071,2327.18,1996.14,0.00032993,0.0820174,1.8772e-09,2.74435e-08,27.8508,1.75308,0
535.023,1201.3,847.844,528.799,1003.25,15.1589,1154.59,1418.08,0.000346717,0.163313,3.6741e-09,6.43697e-08,21.797,3.06879,1
643.297,1190,1461.99,482.937,1005.14,11.0524,778.563,1128.33,0.000323978,0.107422,2.34505e-09,5.05399e-08,23.7006,3.13162,0
554.344,1002.08,1070.52,451.872,917.029,34.3903,2223.2,1764.43,0.000304604,0.0655068,1.10457e-09,2.13554e-08,23.2157,2.9046,0
35.193,479.918,460.379,67.1031,325.34,39.2082,2564.56,2210.77,0.000290305,0.15039,7.50312e-09,5.48863e-08,18.2024,3.02826,1
495.907,697.433,1490.73,428.343,780.866,23.7991,1680.91,1678.97,0.000328009,0.160211,8.30315e-09,7.87219e-08,21.0852,2.72826,1
279.084,582.302,664.699,245.08,707.957,26.1403,1470.42,1542.79,0.000296838,0.0893548,1.67039e-09,1.66787e-08,24.0919,6.63234,0
455.01,633.52,461.991,347.294,695.15,13.2933,659.65,771.503,0.000363735,0.155627,6.33608e-09,7.87779e-08,22.6459,1.84503,0
385.224,731.506,865.472,342.473,705.914,22.0076,1089.62,867.504,0.00038263,0.0882682,1.43415e-09,3.44236e-08,24.5485,5.30385,0
448.124,818.42,1059.21,453.36,885.935,23.8214,1160.08,1858.61,0.000349178,0.139254,3.6213e-09,3.64156e-08,28.1134,4.18696,0
242.48,571.962,588.053,190.247,404.134,19.2384,1333.6,1747.67,0.000335218,0.0917533,1.83961e-09,1.02346e-08,27.6912,3.058,0
236.18,600.526,831.683,344.437,619.271,35.0331,1951.55,2185.8,0.00027901,0.151561,6.30079e-09,4.9279e-08,13.0604,2.90302,1
414.126,831.021,859.465,395.352,855.925,44.1792,2278.44,1963.75,0.000284586,0.139614,5.33632e-09,4.24448e-08,21.0068,3.10068,1
185.066,567.324,618.139,193.884,512.159,28.2915,1591.78,1773.88,0.000318889,0.0873553,2.77163e-09,2.41061e-08,26.425,1.1575,0
507.302,791.772,961.559,388.494,700.948,19.3888,1435.85,1261.49,0.000348938,0.161625,6.60868e-09,4.88266e-08,20.7126,1.41247,1
359.6,834.344,745.604,292.873,720.361,25.3385,2225.42,1969.97,0.000306708,0.0762407,2.56982e-09,2.64441e-08,19.5865,2.02675,1
-70.8288,434.438,275.898,78.5135,375.06,20.0098,1496.23,1524.25,0.000333603,0.163791,7.55267e-09,5.2271e-08,23.7601,3.24636,0
233.967,397.254,533.942,256.67,618.226,21.3542,1680.43,2040.22,0.000323386,0.153345,6.96772e-09,4.28645e-08,17.2904,2.87027,1
306.483,1064.59,939.251,304.163,762.987,35.8791,1972.75,2255.14,0.000297186,0.141587,5.11207e-09,4.97092e-08,20.6271,3.00263,1
475.008,946.7,741.914,406.553,817.965,33.101,2369.28,1965.88,0.000294463,0.0855079,3.4348e-09,2.95855e-08,29.6878,6.88861,0
433.507,841.845,644.518,373.477,769.695,31.8555,1384.92,1687.07,0.000315945,0.0788393,4.16322e-09,5.82244e-08,19.0136,4.34749,1
512.203,864.982,656.42,437.326,819.612,22.9655,1606.92,1622.43,0.000319744,0.158106,5.47425e-09,5.05335e-08,21.4968,3.1838,1
588.2,908.398,1040.12,502.272,1055.81,37.1874,2266.2,1670.95,0.000295146,0.0824904,4.01002e-09,2.8799e-08,16.4545,1.34871,1
450.462,914.608,874.806,418.183,840.835,26.1047,1765.12,1824.38,0.000321405,0.129869,8.3795e-09,3.80996e-08,20.8513,3.77908,1
385.793,892.623,868.387,415.917,843.799,9.70032,385.55,656.49,0.000378444,0.119508,3.42808e-09,4.02993e-08,22.2007,3.24821,1
465.321,731.187,1088.05,403.531,692.216,32.8784,2347.06,1817.78,0.000331303,0.148682,6.59509e-09,4.38718e-08,26.5199,1.08477,0
569.971,728.473,1266.98,512.933,894.515,22.1173,1751.53,1347.05,0.000324649,0.177928,7.72015e-09,6.12881e-08,15.0515,1.2313,1
237.312,825.077,714.918,289.06,633.372,42.669,2300.53,2583.4,0.000253239,0.127485,6.64799e-09,5.42093e-08,24.2395,1.73158,0
522.099,976.744,1091.05,453.261,899.484,15.7016,1087.55,1415.22,0.000354978,0.0478408,4.13435e-09,2.42331e-08,26.933,0.927427,0
243.365,618.597,711.087,192.376,541.793,23.1054,1236.08,1404.4,0.000338532,0.110246,4.89081e-09,3.96829e-08,18.6769,1.38208,1
813.341,1319.29,1302.73,662.624,1277.58,21.6107,1431.24,1607.51,0.000317693,0.0784016,5.6646e-09,2.78257e-08,23.7109,1.60944,0
558.928,853.875,1308.55,473.253,837.641,23.1813,1118.75,891.001,0.000311292,0.0767553,2.56848e-09,2.47325e-08,22.1524,4.30819,1
344.349,748.298,678.881,247.187,547.558,31.9705,1934.76,1802.47,0.000320889,0.0480138,1.10511e-09,2.83062e-08,25.3621,4.75471,0
720.405,1137.22,1599.21,631.281,1218.7,19.5483,1091.98,1497.25,0.000341838,0.168546,6.94548e-09,6.29953e-08,28.2261,1.14291,0
435.939,648.204,788.979,370.754,624.891,14.7447,950.065,985.244,0.000342139,0.0807955,1.70009e-09,1.7948e-09,26.0196,3.46866,0
143.363,112.948,63.4532,130.175,291.484,34.5683,2270.74,1985.73,0.00028222,0.169935,6.90483e-09,6.99485e-08,24.1555,2.78159,0
448.683,890.335,1214.05,430.566,810.63,21.7256,1219.87,1650.62,0.000356724,0.138193,4.45758e-09,3.20144e-08,21.6252,4.79877,1
347.234,728.294,644.2,328.373,785.15,28.6623,1622.05,1598.64,0.000337123,0.202235,8.12288e-09,9.64726e-08,15.3804,0.496941,1
819.844,1409.03,1435.53,753.797,1494.46,19.6389,1276.21,1042.63,0.000352715,0.104383,4.45279e-09,7.99942e-09,21.8047,2.08517,1
135.591,491.268,786.994,130.359,353.572,28.8532,1527.93,1756.56,0.000317651,0.053365,2.68659e-09,2.72613e-08,22.6061,6.45634,0
453.533,1014.19,580.984,401.159,851.245,21.8031,1714.59,1288.65,0.000312623,0.131286,5.59764e-09,4.63145e-08,20.2826,1.11317,1
598.938,1138.33,1295.82,520.574,1040.24,24.3474,1670.15,1677.65,0.000367261,0.154828,7.66874e-09,5.53375e-08,16.0066,4.89293,1
375.758,714.615,655.401,273.362,479.666,11.7278,869.844,1250.58,0.000344482,0.1127,2.56776e-09,3.97418e-08,24.6691,3.0345,0
315.252,772.749,935.651,418.16,881.056,32.5542,2216.7,2276.87,0.000311008,0.0775849,3.66991e-09,1.77886e-08,32.9185,2.02204,0
372.78,632.997,991.792,419.874,892.08,29.6298,1666.09,1824.64,0.000359604,0.121602,3.77952e-09,4.40846e-08,19.3412,1.70222,1
485.337,738.099,1192.58,414.111,943.493,16.1595,820.029,866.345,0.00035428,0.103237,3.78556e-09,1.54506e-08,26.4708,1.36167,0
317.761,700.448,998.984,297.708,600.566,23.8591,749.222,793.877,0.00034598,0.174843,8.83456e-09,7.25555e-08,18.4995,7.77704,1
426.362,1015.6,1013.28,471.209,928.902,28.9417,1284.94,1679,0.000340398,0.140244,6.48419e-09,6.51043e-08,20.743,6.22384,1
410.863,1002.02,1046.68,384.159,728.985,28.8264,1827.15,1949.31,0.00027698,0.132526,4.88825e-09,5.69781e-08,22.2296,5.29269,1
594.773,876.524,1251.56,528.046,1006.48,25.4992,1761.36,1655.76,0.000336713,0.021978,-5.02741e-10,1.68675e-08,25.6432,0.273324,0
168.199,468.206,619.014,252.501,534.833,21.7913,1614.09,2139.16,0.000353083,0.118893,6.6909e-09,4.72707e-08,18.6751,2.28213,1
290.997,557.049,608.274,273.568,653.53,49.7236,2344.37,2045.05,0.000309387,0.10102,3.25536e-09,2.95923e-08,22.3096,4.24979,0
336.875,650.734,755.071,239.525,758.624,20.9211,1059.19,1118.36,0.000344568,0.051042,2.49703e-09,2.25048e-09,22.2803,0.683417,1
560.375,987.654,928.79,507.091,964.705,24.3213,2000.6,1618.62,0.000302577,0.173306,7.24984e-09,5.94676e-08,20.5641,3.14404,1
465.655,1005.76,898.754,328.272,747.76,47.4086,2948.12,2780.25,0.000266265,0.182392,7.49609e-09,5.95692e-08,21.4995,2.96518,1
768.364,1079.76,1219.59,643.638,1091.17,23.4632,1659.41,1241.98,0.000318518,0.0802932,4.35849e-09,2.6812e-08,22.0584,3.09779,1
372.341,672.553,883.259,312.485,839.577,24.4716,1412.55,1495.54,0.00030307,0.120976,3.91527e-09,4.66027e-08,20.5493,1.57783,1
358.019,735.955,759.779,294.95,611.081,11.6887,998.906,928.275,0.000384451,0.130032,6.32536e-09,4.58334e-08,22.1732,2.12251,1
409.483,829.211,901.407,313.199,661.601,32.8741,1869.54,2242.05,0.000282814,0.111104,5.4142e-09,2.57156e-08,24.9158,7.5384,0
305.061,617.692,551.103,227.912,567.006,11.1486,1390,1091.26,0.000371535,0.135861,5.86068e-09,3.51129e-08,18.3733,5.54956,1
484.671,830.814,1004.29,370.577,808.885,17.2366,958.112,820.016,0.000350956,0.100818,2.27558e-09,1.64647e-08,21.2581,3.90937,1
413.314,940.976,735.998,321.023,709.494,15.2912,1389.86,1372.99,0.000319266,0.132498,3.66528e-09,4.62227e-08,26.2777,1.55812,0
529.555,892.521,1295.65,389.88,1030.14,21.5752,1307.71,1116.96,0.00032705,0.0857673,3.66168e-09,7.62865e-09,25.1607,3.01041,0
343.728,372.377,509.153,167.429,577.433,35.5794,2208.2,1905.28,0.000291321,0.197856,5.91543e-09,7.52409e-08,23.8615,2.87461,0
198.405,770.988,867.038,245.458,657.048,23.3924,1066.78,1408.71,0.000345012,0.177143,6.96684e-09,6.46807e-08,14.7205,2.38839,1
658.135,1253.11,1281.27,630.356,1023.15,24.7014,1747.35,1316.37,0.000269519,0.0203263,1.54666e-11,-1.22462e-09,25.1933,0.899388,0
14.5742,376.083,379.699,61.2002,153.189,27.0875,1775.09,1674.76,0.000360866,0.0851994,1.75523e-09,1.9778e-08,22.0959,1.29169,1
419.162,681.302,558.815,394.529,737.325,31.5368,1411.57,1654.12,0.000378657,0.0803756,4.03907e-09,2.61044e-08,22.2288,2.00863,1
393.519,765.87,922.459,373.631,686.316,22.3126,1268.18,989.282,0.000328533,0.110844,4.66981e-09,5.02459e-08,20.2984,0.477228,1
217.058,518.527,801.896,203.122,708.922,43.7685,2064.39,2069.88,0.000335316,0.101979,5.34178e-09,2.35068e-08,17.5142,3.96332,1
440.592,813.833,1059.79,350.675,651.072,4.45113,851.258,1056.19,0.00036411,0.184262,8.63951e-09,4.22879e-08,15.7307,1.5515,1
527.422,1152.95,670.091,491.954,842.414,16.983,675.623,874.379,0.000376819,0.0474139,1.15528e-09,2.71715e-08,23.2027,4.03847,0
534.17,996.29,1256.78,446.312,818.11,24.0117,1905.94,1640.73,0.000316385,0.0952001,2.36373e-09,3.5111e-08,29.0921,2.61242,0
310.743,724.635,1030.84,325.146,612.428,16.5894,970.884,1530.83,0.000335141,0.168979,6.43953e-09,5.96265e-08,15.8099,4.99011,1
256.833,665.839,671.664,333.351,495.99,23.4352,864.137,1372.73,0.00033469,0.18196,8.43228e-09,5.85226e-08,13.9512,1.90386,1
557.478,978.444,1143.38,482.759,800.399,29.6636,1640.52,1434.5,0.000317793,0.167099,5.5819e-09,5.4284e-08,24.8004,2.97156,0
464.053,904.812,828.081,441.043,923.916,40.8598,2169.06,1848.74,0.000303075,0.135394,5.87766e-09,6.20827e-08,22.3932,4.678,0
374.615,612.775,677.133,289.012,549.553,25.6034,1804.57,1491.1,0.000314726,0.107415,3.95988e-09,4.21606e-08,19.574,1.43137,1
354.267,893.118,659.025,451.264,705.63,39.173,2211.16,2162.89,0.000315841,0.119824,4.36287e-09,5.10954e-08,18.9749,1.57921,1
547.803,920.887,1051.86,455.1,988.245,28.2504,1984.69,1781.91,0.000316665,0.13909,3.50723e-09,1.74663e-08,30.2841,1.40148,0
363.276,766.603,955.965,318.427,738.424,32.2255,2114.03,1873.45,0.000312374,0.0272918,2.71756e-09,2.54741e-08,21.2431,3.80419,1
467.666,916.968,679.598,410.849,839.247,21.9191,753.342,1001.53,0.000338018,0.111545,5.174e-09,6.14579e-08,17.7104,4.1443,1
614.331,1138.4,1107.41,563.181,909.202,41.9861,2614.55,2352.79,0.00025984,0.116442,5.2524e-09,4.00618e-08,24.3542,4.41757,0
524.735,1239.15,1108.77,541.522,941.342,31.7653,1973.17,1732.2,0.000316551,0.16039,6.77228e-09,5.62242e-08,22.0807,1.75711,1
351.314,819.184,1078.34,455.739,732.125,32.7011,2166.56,2079.48,0.000266584,0.169257,7.06203e-09,6.27361e-08,22.4667,2.24489,0
556.937,1091.73,1203.85,537.472,1029.44,30.705,1741.72,1999.79,0.000316798,0.100852,6.4081e-09,5.55969e-08,24.6021,2.76649,0
141.624,220.926,281.685,113.324,462.388,35.4526,1586.56,1736.75,0.000307144,0.0927648,4.17292e-09,2.29563e-08,19.9223,3.35151,1
321.663,709.209,873.195,309.785,588.86,26.8383,1389.6,1645.7,0.000328518,0.0768219,3.46484e-09,1.78835e-08,25.2246,2.16652,0
297.468,509.963,501.813,241.433,568.463,5.71629,901.491,764.517,0.00037403,0.102124,3.76096e-09,5.29617e-08,21.0626,3.42387,1
590.902,763.607,1157.15,492.022,1109.21,23.4468,1984.55,2309.76,0.000287211,0.140156,7.59942e-09,6.31249e-08,23.2039,3.01617,0
494.254,1021.77,1463.09,488.062,1092,13.4282,1142.07,1100.49,0.00035954,0.129335,4.54592e-09,6.85382e-08,20.6228,2.58956,1
505.375,865.895,1444,513.196,1043.01,16.1713,1167.73,1138.31,0.000345137,0.207281,8.21863e-09,6.6315e-08,18.5642,3.53684,1
135.407,513.761,753.525,184.292,571.554,14.6511,1264.1,1339.79,0.00036892,0.112676,5.40843e-09,2.97991e-08,25.2247,1.1801,0
395.21,822.045,783.073,386.034,1041.29,32.0191,1700.42,1990.33,0.000303871,0.15592,6.07941e-09,5.69064e-08,13.2465,3.27086,1
475.687,863.892,906.081,471.275,858.077,28.3334,1847.13,1341.38,0.00036435,0.0424446,3.63307e-09,6.88099e-09,23.4385,0.5058,0
289.933,800.767,1053.63,297.692,547.228,25.8548,1647.54,1877.46,0.000306909,0.114275,4.68751e-09,3.21055e-08,29.7028,2.57365,0
536.706,1070.54,1000.59,486.749,1054.41,34.0836,2516.74,2214.82,0.000296751,0.128668,5.78431e-09,3.81102e-08,22.8685,4.24823,0
328.607,717.37,814.055,377.103,757.037,16.2322,944.313,893.373,0.000355399,0.126725,5.20334e-09,2.602e-08,19.2974,0.600935,1
423.386,851.101,940.471,445.963,855.617,28.0559,1444.83,1758.58,0.000309676,0.18744,1.00561e-08,7.10163e-08,21.8765,8.3024,1
78.2088,537.15,347.156,94.5184,305.703,21.4147,1321.14,1536.04,0.000313449,0.0825961,2.08849e-09,1.98068e-08,25.4045,2.4766,0
221.658,639.669,503.749,248.726,500.157,26.7289,1647.32,923.21,0.000374267,0.0704124,3.26387e-09,1.9774e-08,24.1433,0.429345,0
295.55,565.181,527.812,302.252,640.341,29.4943,1491.97,1773.96,0.000356052,0.176223,6.36621e-09,4.37839e-08,21.6519,1.30534,1
83.2509,588.4,409.427,139.797,347.759,20.5577,1597.64,1361.58,0.000349042,0.0880756,3.69662e-09,2.23877e-08,17.3851,3.39245,1
502.902,809.652,1158.79,324.589,875.477,17.1367,961.821,1072.27,0.000339452,0.0971288,4.90614e-09,2.46835e-08,20.3213,4.0355,1
481.15,1136.4,1116.61,450.348,970.8,38.4991,1774.13,1712.7,0.000338259,0.122863,4.28383e-09,6.23537e-08,18.1675,5.2584,1
383.41,725.009,754.935,331.431,655.036,24.1462,1007.18,1242.26,0.000329499,0.157944,5.89802e-09,4.45303e-08,14.5744,2.95775,1
322.458,625.376,676.28,232.481,521.552,35.2459,1623.21,1700.84,0.000346996,0.0777112,2.26899e-09,3.11991e-08,25.089,3.38055,0
515.506,859.23,1049.49,406.012,787.161,16.5684,1104.47,1037.05,0.000314688,0.0476979,1.52267e-09,3.5366e-08,27.6902,0.61785,0
303.322,504.022,824.345,295.881,703.191,31.6892,1741.81,1505.31,0.000320276,0.131428,3.41066e-09,4.45704e-08,25.0215,1.8042,0
296.566,643.888,322.568,273.769,587.507,42.5521,1911.39,2065.3,0.000302465,0.0664484,1.87931e-09,1.09473e-08,23.8633,5.48855,0
623.814,1168.74,1459.83,642.708,1058.8,27.9793,1929.13,1632.16,0.000339063,0.0741983,3.84644e-09,4.70044e-08,19.8087,3.67855,1
80.1355,303.391,591.85,80.9928,256.135,16.8927,751.313,733.687,0.000374395,0.120569,6.23751e-09,4.0802e-08,26.3392,6.36164,0
530.262,1091.78,1275.95,544.827,826.556,13.8602,691.393,890.503,0.00037417,0.186971,6.05908e-09,6.33525e-08,30.6086,1.75814,0
344.48,908.516,663.355,374.539,735.128,22.8346,1260.9,1363.11,0.000358258,0.105968,4.27689e-09,3.9974e-08,21.4264,1.94243,1
915.21,1575.6,2168.72,876.159,1321.74,9.62702,560.777,753.444,0.000352852,0.0814238,3.42728e-09,4.38882e-08,16.0449,2.11692,1
547.264,1037.35,1300.45,509.899,902.967,33.7744,1848.06,1975.32,0.000317947,0.096325,2.55082e-09,2.03608e-08,19.4306,0.3178,1
267.854,678.651,889.987,281.813,630.455,20.7559,861.372,990.187,0.000353925,0.141949,5.00722e-09,5.1109e-08,21.9177,1.36573,1
388.957,726.807,866.638,348.341,687.513,12.2244,849.256,918.35,0.000362244,0.0912649,4.42997e-09,4.21271e-08,21.8638,4.7384,1
-11.5836,706.152,176.166,82.8844,430.643,12.4848,779.53,915.107,0.000379088,0.0438275,1.6469e-09,1.85842e-08,24.5908,2.28866,0
454.231,847.09,819.952,326.634,688.491,34.1261,2419.89,2026.36,0.000276851,0.0730742,3.3153e-09,2.57135e-08,22.6482,4.25213,0
225.458,751.085,651.837,280.334,587.793,33.1875,1734.83,1308.88,0.000334199,0.15993,6.18796e-09,5.34684e-08,22.5726,2.16351,0
221.61,713.266,789.989,245.646,516.45,12.8014,198.486,498.918,0.00034531,0.0919635,4.29237e-09,3.6243e-08,29.9991,4.26891,0
217.48,491.658,690.448,250.913,719.845,35.6026,1671.24,1926.47,0.000306812,0.0586065,2.19703e-09,3.06354e-08,27.0946,0.924934,0
778.842,1115.93,1278.29,662.051,1047.19,24.2603,1319.52,922.765,0.000376095,0.133824,7.06245e-09,6.41284e-08,23.0702,1.82775,0
621.2,1077.45,1019.68,493.841,976.199,46.5142,2063.88,2517.31,0.000313036,0.133335,7.47198e-09,6.09666e-08,17.5638,3.90624,1
658.279,1319.21,1143.96,589.346,1053.96,22.6192,1146.31,1513.02,0.000338118,0.0771354,2.87203e-09,3.02954e-08,24.8047,6.96184,0
644.781,929.891,1309.83,580.477,978.15,41.9553,1953.29,2188.27,0.000304518,0.0845435,2.83556e-09,3.52484e-08,29.921,0.51764,0
257.743,593.318,817.103,184.696,496.229,26.5844,1612.42,1933.85,0.000294216,0.0511045,5.78896e-10,5.50496e-10,32.7745,4.76215,0
454.445,813.038,985.991,426.611,843.55,43.8914,3067.99,2415.92,0.000283549,0.0683452,3.97474e-09,3.4539e-08,23.9588,2.2392,0
508.732,867.542,1171.5,476.196,929.464,26.2489,1357.81,1038.94,0.000303841,0.128594,8.47691e-09,6.18166e-08,16.3195,2.00339,1
118.561,851.763,693.542,279.936,487.119,12.5365,1120.61,1326.2,0.00036521,0.120899,4.62786e-09,6.16115e-08,24.0285,0.770683,0
506.711,818.73,1271.12,507.054,857.101,30.4333,1755.94,1863.44,0.000313802,0.186806,5.96372e-09,3.97431e-08,19.5196,2.25612,1
579.987,958.819,871.733,422.38,962.964,37.9449,2222.74,1868.02,0.000288518,0.161211,8.61764e-09,5.23898e-08,18.0259,2.58284,1
401.634,850.934,926.126,430.987,655.03,29.2107,2271.05,2279.45,0.000327852,0.107655,3.45961e-09,1.88836e-08,22.307,4.25647,0
299.658,753.329,597.409,296.459,721.026,37.3313,2322.49,2284.53,0.000300901,0.0866871,3.63504e-09,2.15374e-08,17.5437,3.17224,1
408.226,849.561,1143.86,331.31,635.085,23.0259,1332.48,1381.15,0.000316505,0.137789,6.16304e-09,4.75087e-08,23.3315,2.73669,0
115.485,583.202,650.703,257.914,670.166,25.8626,1720.78,1792.55,0.000326625,0.166387,8.21732e-09,5.62597e-08,21.5982,3.96307,1
294.118,514.34,850.744,245.825,599.879,21.5337,1430.27,1791.66,0.000347114,0.155575,7.31315e-09,5.52241e-08,24.9666,1.59235,0
660.862,1257.22,1432.8,619.057,1100.52,41.8509,2120.5,2308.95,0.000302282,0.143334,5.7517e-09,5.47867e-08,27.707,2.16636,0
72.3377,474.06,264.59,162.779,439.819,27.6188,2069.45,2198.04,0.000288968,0.0834021,3.23717e-09,5.04886e-08,25.5156,0.217058,0
525.344,1048.55,681.759,467.132,865.004,21.1645,1874.73,1434.28,0.000303492,0.132602,5.47216e-09,5.57137e-08,16.262,4.24896,1
673.972,944.278,1493.67,555.529,1037.67,28.2137,1587.77,1578.35,0.000340504,0.171687,5.71627e-09,4.20925e-08,17.005,1.30459,1
261.401,602.939,736.449,248.429,652.48,35.0953,1527.95,1789.22,0.000300365,0.142399,5.48429e-09,5.49443e-08,24.3845,5.92225,0
-8.52224,437.609,394.035,9.5814,348.457,14.4997,910.972,1015.06,0.000332148,0.0458728,4.91894e-10,2.05342e-08,25.3198,3.14556,0
210.706,632.089,652.088,284.368,457.807,18.8812,895.809,1407.86,0.000307247,0.0654076,3.82099e-09,3.02378e-08,25.0446,0.0590613,0
620.086,1178.22,1278.32,535.516,1067.36,26.7173,1717.03,1657.27,0.000332178,0.0272037,2.98206e-09,-1.09449e-08,28.7016,3.56284,0
608.77,952.323,1205.6,440.4,799.594,24.6159,1366.35,1253.25,0.000323187,0.135743,5.77311e-09,4.01083e-08,18.6074,1.64172,1
371.77,702.759,845.42,351.674,766.943,31.7396,2141.98,1768.3,0.000319384,0.0945005,4.75759e-09,3.95466e-08,27.3387,4.25586,0
252.362,684.864,891.017,302.792,458.494,29.2849,1897.2,2181.63,0.000308735,0.127023,7.8159e-09,4.33983e-08,17.2182,4.12231,1
440.962,780.933,801.651,424.927,830.079,26.1076,1499.81,1742.17,0.00036087,0.194096,9.43177e-09,5.97335e-08,18.4631,0.511681,1
476.39,701.062,1038.04,406.097,900.821,29.324,1934.68,1311.27,0.000310862,0.140638,4.33535e-09,5.81157e-08,21.4918,2.00862,1
293.986,619.623,841.134,347.092,563.442,7.49079,797.297,656.53,0.000404981,0.143842,6.02585e-09,5.02849e-08,22.7388,1.06747,0
133.609,537.745,437.603,233.904,566.976,46.8856,2339.64,1793.83,0.000309618,0.114581,2.66418e-09,4.79009e-08,27.3296,10.596,0
292.518,688.67,768.435,366.71,823.413,19.2773,1092.59,1243.09,0.000332969,0.17711,8.07341e-09,6.38775e-08,17.5458,7.55282,1
295.195,673.752,625.119,181.125,585.443,31.7255,1979.27,2037.41,0.000301343,0.0863696,5.04017e-09,2.66783e-08,23.3263,1.37842,0
433.704,940.365,1053.77,443.651,834.616,22.4012,1717.79,1389.28,0.00034464,0.0849095,4.01689e-09,2.52803e-08,33.9122,1.67287,0
99.5271,458.056,410.506,105.036,522.092,33.6335,1805.88,1317.78,0.00030545,0.199578,7.57863e-09,5.40938e-08,21.5858,2.43339,1
429.651,688.84,1191.23,389.473,907.671,24.4729,1563.74,938.875,0.000333618,0.101178,7.61604e-09,5.48708e-08,17.7226,1.84748,1
490.302,942.153,720.591,378.622,811.29,49.3392,3229.72,3272.2,0.000268453,0.11343,4.90139e-09,3.74755e-08,21.1062,0.384747,1
192.95,391.295,578.313,169.534,472.174,12.738,798.883,795.682,0.00036503,0.0441903,2.79597e-10,1.18912e-08,31.6439,0.138399,0
318.214,293.98,824.322,265.377,367.365,22.3367,1203.8,1061.21,0.000315921,0.137224,5.9768e-09,4.46706e-08,26.0007,8.56391,0
454.072,863.186,1232.35,384.211,672.325,39.6631,2119.96,1826.23,0.000277486,0.108772,5.57729e-09,3.79629e-08,29.5579,1.37059,0
393.19,935.786,717.293,453.557,864.385,19.3784,1279.18,1331.92,0.000338243,0.117283,4.42167e-09,3.31056e-08,22.1296,1.56126,1
625.037,1316.51,1638.32,657.081,1029.36,37.1405,2056.73,2060.98,0.000302278,0.149348,4.1761e-09,4.35932e-08,17.0666,2.68825,1
146.985,369.889,914.119,130.21,510.722,17.1117,1038.13,1065.19,0.000353451,0.105609,3.7051e-09,4.41011e-08,29.5986,1.86863,0
498.875,916.325,1041.01,442.012,896.272,12.263,545.946,825.172,0.000406513,0.106325,2.72772e-09,4.15902e-08,22.6294,1.55963,0
-61.78,497.279,206.252,83.2454,266.644,22.608,1341.72,1697.09,0.000322523,0.149736,6.879e-09,4.71466e-08,24.5421,5.60632,0
164.057,742.104,887.953,259.628,530.654,18.8063,1427.54,1555.02,0.000330629,0.104893,2.70457e-09,3.30124e-08,26.4007,2.15005,0
599.601,1064.71,1557.56,483.104,1168.02,17.4799,1525.41,1645.63,0.000300256,0.124251,3.40044e-09,4.37568e-08,28.8126,2.13755,0
212.913,652.209,843.502,236.211,411.389,32.5977,1266.71,1321.82,0.000320448,0.0459198,4.41323e-09,1.21832e-08,21.4578,5.50336,1
172.263,571.056,465.411,230.474,366.031,19.7426,1346.74,1808.91,0.000349757,0.0850404,8.9196e-10,2.286e-08,19.9486,1.28568,1
537.512,1116.12,879.548,473.783,875.283,18.1856,1186.63,1197.52,0.000377658,0.175541,7.84215e-09,2.2695e-08,24.8085,0.330217,0
404.311,628.017,946.509,307.131,579.215,23.8172,1348.21,1622.2,0.000332117,0.102169,3.70851e-09,2.23044e-08,24.1786,3.68462,0
666.47,827.932,1312.33,533.193,1120.53,35.4285,1979.4,2440.25,0.000295291,0.048687,2.18079e-09,2.48405e-08,22.6486,1.62659,0
243.22,731.616,731.962,360.712,683.97,29.0536,1739.37,1624.98,0.000337047,0.0851688,3.87933e-09,2.53998e-08,27.0495,2.78372,0
575.761,993.074,1090.64,505.359,1014.49,19.3616,1813.63,1278.91,0.000333519,0.132539,8.1349e-09,4.84298e-08,19.5859,1.09273,1
635.124,1143.94,880.222,561.522,1061.94,26.2709,2103.03,2016.63,0.000327113,0.156915,6.66215e-09,6.55654e-08,21.7024,3.83953,1
460.825,924.23,1008.71,383.082,774.673,9.87599,1079.34,1060.15,0.000335815,0.062821,7.58133e-10,9.80904e-09,13.8538,3.29512,1
291.424,685.036,897.228,344.175,695.452,29.2161,1668.43,1541.42,0.000333054,0.130704,4.77295e-09,2.70302e-08,26.5652,2.32194,0
310.08,767.56,950.207,418.917,635.352,32.6381,1834.58,1569.95,0.00032424,0.143301,4.5493e-09,4.61995e-08,28.6603,9.39905,0
270.13,656.429,600.012,258.259,585.742,21.4518,1623.96,1188.99,0.000323422,0.0141231,3.98026e-09,2.25573e-09,24.279,3.36199,0
467.593,844.035,870.036,355.862,676.995,31.4583,2049.81,2169.66,0.000288746,0.0333481,4.57829e-09,3.64798e-08,21.6765,1.92147,1
235.871,748.878,427.917,299.417,483.516,22.8609,1184.99,1039.93,0.00034096,0.112234,3.28882e-09,3.16891e-08,20.9093,0.960515,1
432.43,637.611,1027.44,344.121,778.781,19.6106,1335.58,1194.24,0.000313145,0.120234,3.96302e-09,4.61299e-08,16.907,3.25947,1
452.36,830.419,814.075,317.551,761.399,33.522,1724.98,1326.31,0.000280449,0.212555,9.44127e-09,6.16092e-08,11.5437,1.34444,1
542.373,848.853,967.319,444.026,930.604,19.6883,1707.66,1880.5,0.000347308,0.147636,8.32314e-09,4.59248e-08,22.9478,3.38331,0
678.225,972.447,1239.87,513.168,1129.41,23.3945,1398.05,1433.31,0.000358509,0.112439,5.59127e-09,4.89745e-08,23.7102,0.42146,0
100.843,302.148,372.756,85.2758,433.574,22.1513,1544.44,1558.75,0.000344053,0.106528,3.47594e-09,3.15614e-08,16.7737,0.341197,1
621.672,1422.28,1229.79,634.296,1228.73,24.2468,1319.69,1412.22,0.000296371,0.121272,4.60104e-09,4.87029e-08,23.2251,8.87621,0
627.255,957.762,1246.49,590.09,966.202,10.4691,915.643,1343.15,0.000376299,0.11774,5.33954e-09,2.58867e-08,27.6268,3.97007,0
423.74,984.3,852.574,394.852,919.866,32.5759,2102.9,2284.97,0.000308243,0.0895026,3.53366e-09,3.35899e-08,22.2982,2.02906,1
435.281,871.773,878.928,358.739,852.21,47.3497,2873.75,2872.1,0.000212499,0.157415,5.50667e-09,4.78744e-08,26.3897,3.44091,0
218.944,544.632,387.931,229.861,568.147,14.6184,1402.01,1273.27,0.000343955,0.144085,7.76092e-09,3.69492e-08,23.9108,7.42105,0
36.1785,448.24,353.212,204.703,350.828,26.5655,1227.18,910.274,0.00036822,0.123889,4.87137e-09,5.50326e-08,22.9534,4.06308,0
210.332,469.483,614.741,196.353,591.327,30.0668,1837.19,2000.77,0.000305042,0.136579,8.34295e-09,3.10714e-08,24.4353,2.90202,0
322.745,717.644,624.225,211.586,587.486,6.44389,787.344,725.795,0.00037433,0.0960749,6.07328e-09,4.19836e-08,28.9214,4.0506,0
205.834,789.498,915.291,284.756,638.978,18.1159,1122.45,1035.5,0.00034109,0.147581,6.21453e-09,6.05629e-08,19.2402,1.72336,1
568.683,880.702,862.728,437.375,813.436,33.6887,1609.52,1730.07,0.000298892,0.142004,3.83853e-09,4.97481e-08,20.0919,3.75918,1
95.5748,509.198,189.332,216.396,334.716,30.9328,1556.32,1416.61,0.000314897,0.157356,5.27819e-09,4.89013e-08,28.535,13.0399,0
411.788,761.589,892.592,365.266,784.525,29.3071,1387.56,1350.02,0.000286327,0.111139,5.09863e-09,4.39119e-08,21.2696,1.00265,1
456.92,1054.09,1185.46,354.336,781.948,38.1824,2450.73,2806.87,0.000310496,0.069857,1.24676e-09,2.77076e-08,24.4638,3.7722,0
650.746,1042.6,985.938,562.232,1250.52,30.2126,1928.98,2043.81,0.000333761,0.0776591,3.77577e-09,5.67988e-08,17.4942,2.06903,1
260.905,483.163,620.631,262.265,549.179,24.1194,959.491,1194.4,0.000365914,0.185537,7.48698e-09,7.54578e-08,19.0812,1.0838,1
397.463,638.901,623.757,301.926,554.134,32.0999,1879.95,1885.85,0.000298342,0.128913,6.08386e-09,4.68382e-08,17.3313,2.79387,1
50.584,439.625,181.875,71.3892,316.832,26.7209,1758.07,1606.93,0.000314554,0.191638,9.40488e-09,4.91666e-08,16.1365,7.24768,1
144.129,221.245,409.027,149.841,356.646,19.2321,1516.37,1797.6,0.000298416,0.195967,1.04503e-08,6.18966e-08,18.2286,3.77803,1
310.43,624.587,918.109,308.756,371.241,37.578,1951.16,1963.45,0.000341795,0.155648,7.72117e-09,5.41071e-08,21.6591,6.96357,1
511.097,918.945,1422.34,505.367,957.157,25.7913,2060.67,2009.06,0.000287887,0.0724677,1.02272e-09,1.30473e-08,21.0034,3.81542,1
297.94,817.843,956.851,313.06,672.219,27.8795,1164.26,1254.78,0.000324199,0.130386,6.42647e-09,2.68792e-08,21.2573,1.14033,1
619.753,1144.26,1325.37,569.274,1081.01,36.7198,2170.63,1910.8,0.000321716,0.0841136,4.93711e-09,5.0483e-08,22.7297,1.19343,0
545.213,1154.32,833.314,473.571,1117.86,34.425,1470.14,1788.13,0.000337039,0.151602,5.66084e-09,3.98088e-08,20.2139,2.12015,1
204.315,521.362,576.624,195.689,463.906,17.4678,1029.33,1566.1,0.000352651,0.120984,8.23333e-09,6.41424e-08,23.4989,2.00218,0
142.346,578.34,696.543,237.228,699.545,23.1156,1173.8,1271.4,0.00029722,0.11576,4.27496e-09,2.79765e-08,22.5549,4.2101,0
188.417,211.91,719.29,116.253,551.276,-0.674062,327.863,103.155,0.000424107,0.091025,2.93014e-09,3.11323e-08,22.4841,1.31995,0
576.849,907.763,847.581,465.287,854.702,14.9851,968.3,660.083,0.000372035,0.125226,6.93271e-09,2.93515e-08,21.3794,2.15886,1
349.309,739.549,951.923,223.28,604.611,16.9747,1053.29,771.277,0.000381363,0.148457,5.89898e-09,4.37535e-08,22.4055,2.44392,0
378.624,714.853,692.77,428.41,717.055,24.8197,1616.46,1363.17,0.000307267,0.119992,5.72174e-09,2.5405e-08,18.6434,0.120779,1
347.291,757.237,708.37,291.491,717.157,24.7025,1437.44,1084.65,0.000295325,0.13734,4.14493e-09,3.88582e-08,30.2323,8.57824,0
293.288,480.163,380.72,167.485,709.856,8.49126,822.586,1456.86,0.000377832,0.11335,4.0286e-09,3.72425e-08,20.7479,2.76951,1
479.639,1082.05,1120.55,505.185,898.967,24.9519,1633.43,1601.74,0.000328978,0.133389,8.14596e-09,5.46733e-08,17.9874,3.64217,1
708.38,1567.43,1466.8,744.906,1325.73,21.6356,1504.96,1356.82,0.00038241,0.110057,2.86847e-09,3.05696e-08,25.1944,1.08058,0
-10.0274,297.565,240.334,-31.2762,183.959,13.8853,790.098,825.14,0.000362106,0.0872673,4.47304e-09,3.79236e-08,25.0212,3.82019,0
429.321,994.996,1010.65,468.321,922.059,37.5047,2757.84,2548.33,0.000276617,0.126671,6.64724e-09,4.42813e-08,22.5871,1.9134,0
266.49,782.419,1240.96,335.488,808.533,38.4728,2348.12,2605.01,0.000257233,0.130541,6.9865e-09,4.80587e-08,18.9498,2.27555,1
425.216,669.244,1034.98,398.916,1025.84,37.5721,2139.73,1735.61,0.000293472,0.221618,1.00909e-08,6.62783e-08,15.0683,0.337298,1
2.72975,123.349,345.701,117.257,410.123,41.2982,2460,1962.18,0.00028568,0.173446,1.06021e-08,6.28119e-08,18.44,9.29928,1
528.031,977.489,849.181,553.756,1010,17.4808,1604.96,1927.18,0.000314436,0.0654921,3.16611e-09,4.41642e-08,29.2408,0.467741,0
292.765,642.55,810.344,293.682,426.362,3.81132,857.993,635.565,0.000338803,0.0697818,2.80507e-09,1.49e-08,24.9235,6.94845,0
509.623,914.733,1349.23,518.598,888.022,14.1707,933.505,511.479,0.000345365,0.145407,7.54006e-09,5.66817e-08,23.439,4.04301,0
702.738,1197.37,1331.87,647.706,1262.42,3.58838,774.64,707.963,0.000392281,0.0805803,3.15219e-09,3.296e-08,25.9832,2.91921,0
293.487,771.076,927.699,360.508,658.641,36.0865,2491.98,2540.51,0.000261414,0.156618,5.47588e-09,5.05386e-08,19.1786,1.57185,1
429.17,835.939,1233.21,409.994,889.524,29.1715,2138.54,2188.82,0.000282926,0.116504,6.13437e-09,4.61167e-08,19.8619,4.92766,1
436.803,907.942,811.189,360.742,924.23,20.251,1405.58,983.928,0.000368159,0.0611547,6.09358e-10,1.50248e-08,22.4076,6.5908,0
365.389,814.336,918.621,336.49,738.774,30.5058,1644.82,1397.38,0.000368881,0.0366944,3.45432e-09,1.07648e-08,27.0116,4.44793,0
571.601,987.785,1100.98,457.938,783.891,26.9,1379.28,1218.71,0.000319183,0.0995758,4.01426e-09,3.60529e-08,16.2543,1.14986,1
208.349,681.012,460.756,237.346,613.975,28.0628,1117.16,1370.78,0.000378952,0.0991878,5.59963e-09,3.44807e-08,25.9849,8.84732,0
376.078,800.217,735.517,303.721,722.988,23.1052,1228.52,1049.64,0.000294021,0.132988,6.5581e-09,4.14596e-08,12.9131,9.91015,1
181.388,486.889,290.992,203.021,389.077,38.9214,2162.09,2124.39,0.000297747,0.0966542,6.5894e-09,3.95085e-08,20.6729,4.73962,1
144.278,428.3,858.569,244.759,591.358,21.4994,1470.53,1637.09,0.000343101,0.166704,9.10382e-09,6.47451e-08,20.1943,1.02781,1
483.435,997.741,838.277,440.514,888.231,18.864,1954.94,1297.81,0.000307189,0.0986276,5.51901e-09,4.05042e-08,20.867,1.13564,1
495.181,1098.48,976.779,495.248,1015.41,19.9471,1309.19,1169.62,0.000334049,0.141212,6.70797e-09,2.02562e-08,21.3744,2.64449,1
591.859,1211.38,1025.36,627.372,902.265,5.62325,236.191,493.032,0.000411013,0.152414,7.20619e-09,3.87019e-08,19.6204,0.609298,1
155.649,571.039,448.523,237.287,433.624,25.9877,1777.8,2165.72,0.000293088,0.127729,4.43737e-09,3.98692e-08,28.036,4.61403,0
173.019,402.568,446.695,178.622,328.214,23.7027,1072.54,1454.85,0.000344815,0.136565,6.07082e-09,3.2834e-08,25.5,1.27567,0
388.861,853.798,860.464,374.032,800.992,19.1698,1481.08,1657.04,0.000351998,0.122678,7.41901e-09,4.47888e-08,20.2811,1.61104,1
421.368,660.021,799.24,269.348,738.604,23.9688,1349.89,1210.68,0.000367285,0.0822714,2.20276e-09,1.27053e-08,24.5147,1.13609,0
417.146,863.148,1415.08,367.427,843.359,27.9996,1315.38,1390.17,0.000300099,0.134549,6.87688e-09,3.92913e-08,16.6494,4.76217,1
371.677,869.171,1120.78,427.489,551.983,28.5791,1276.96,1604,0.000342145,0.120534,5.85734e-09,3.73928e-08,21.2462,9.96058,1
129.366,645.596,633.424,217.243,450.135,23.0358,1174.48,920.884,0.000351993,0.130976,2.5291e-09,3.05826e-08,21.7992,1.77813,1
624.756,1099.74,1208.66,656.381,962.555,21.2251,1193.01,1484.17,0.000296447,0.0380105,1.60721e-09,1.66732e-08,24.6329,1.96724,0
495.415,1040.14,1095.82,477.93,858.403,28.5946,1745.42,1327.79,0.000315378,0.125036,5.4406e-09,6.65072e-08,20.9832,1.40478,1
402.573,778.104,866.944,381.681,817.344,23.3185,1556.58,1789.71,0.000303079,0.0887198,3.8493e-09,3.15446e-08,19.9636,4.73127,1
557.967,1103.7,1041.54,507.929,1118.47,33.4903,1666.43,1773.93,0.00033014,0.147374,4.81626e-09,4.41152e-08,18.2858,4.65054,1
275.626,794.276,1295.68,369.079,481.874,18.2883,1596.33,1459.92,0.000358622,0.0903543,3.37304e-09,2.99571e-08,28.4383,1.18575,0
594.725,1016.86,1072.47,546.657,914.307,26.3542,1138.54,1458.78,0.000313786,0.0664163,3.08014e-09,4.42661e-08,25.2928,1.86335,0
281.83,370.507,787.841,250.464,645.286,14.5145,958.871,815.456,0.000366337,0.16322,8.03935e-09,5.4223e-08,23.9099,4.249,0
197.763,488.432,437.633,187.825,416.446,26.2518,1498.17,1270.99,0.000338786,0.129928,3.71115e-09,4.07715e-08,18.0451,1.73605,1
373.218,808.589,1012.03,367.219,848.896,30.2599,1929.93,2096.84,0.000292023,0.0788223,4.12944e-09,2.82892e-08,20.4885,2.5649,1
571.654,1119.2,1435.63,487.779,863.813,22.6822,980.236,1134.03,0.00033379,0.0885004,5.2463e-09,4.25241e-08,28.1465,4.9913,0
283.098,407.485,533.719,288.581,640.113,28.0465,1945.11,1907.45,0.000328728,0.0911575,6.14779e-09,2.09486e-08,15.2031,2.89249,1
297.614,732.518,658.817,271.867,652.7,21.7936,1329.39,1294.12,0.000389434,0.0967172,6.22547e-09,2.92984e-08,21.119,0.252951,1
655.294,1164.77,1250.69,521.445,1122.08,26.2344,1114.01,839.726,0.000362764,0.0946512,4.87439e-09,3.83093e-08,29.9049,2.55638,0
459.38,988.578,850.52,487.135,927.01,23.9697,1251.51,1736.49,0.000369422,0.0780896,4.6399e-09,1.26673e-08,21.5952,0.875042,1
339.676,993.814,854.295,365.714,564.388,21.3359,1565.47,1228.12,0.000324101,0.243086,1.21484e-08,1.05604e-07,11.9727,1.65489,1
214.384,303.611,510.249,160.652,444.599,37.183,1869.41,1995.11,0.00032554,0.158858,6.01062e-09,5.76551e-08,21.9704,0.651444,1
209.713,686.605,1055.45,179.911,362.65,33.0096,1916.36,2667.55,0.000314449,0.134232,6.65859e-09,3.69048e-08,22.2842,6.49261,1
436.25,1067.67,827.755,384.076,686.028,25.9437,1171.88,1161.8,0.000353231,0.0713721,2.73685e-09,2.66608e-08,22.8627,5.09988,0
446.543,604.573,776.24,405.863,780.428,18.2419,1272.51,1865.09,0.000321319,0.152675,5.72801e-09,3.71443e-08,14.6715,0.700312,1
426.785,1221.27,1131.23,475.908,866.203,25.929,1806.41,1589.53,0.000353281,0.137299,2.97426e-09,1.79954e-08,23.9177,2.70021,0
312.05,605.991,946.185,262.29,589.704,29.7049,1661.42,1708.04,0.000312036,0.162239,7.70885e-09,7.14847e-08,17.3879,1.74527,1
526.716,927.794,1126.84,491.39,1040.69,21.8984,1448.02,1463.9,0.000359744,0.149198,6.7392e-09,7.30303e-08,20.4856,1.23373,1
246.064,775.285,731.447,273.051,542.765,33.8001,2109.62,2206.49,0.000315914,0.145502,6.36079e-09,4.40083e-08,30.7933,1.48452,0
368.346,802.483,1065,307.463,659.919,34.9276,1897.22,1835.83,0.000332987,0.0765012,2.87929e-09,2.96846e-08,20.063,0.547108,1
347.138,720.753,778.943,429.275,758.471,21.8126,1807.4,1986.87,0.000330885,0.181133,7.72199e-09,8.49413e-08,20.2619,0.931689,1
327.827,850.678,940.456,363.158,752.318,15.2318,1090.59,380.966,0.000361256,0.139436,5.95513e-09,5.01285e-08,18.4268,0.824504,1
279.642,758.742,769.419,284.442,687.329,29.1946,1411.6,1505.47,0.000336225,-0.00259613,3.47605e-09,1.88466e-08,33.1933,3.87271,0
468.392,795.237,1022.13,435.697,751.168,44.238,1986.03,2144.23,0.000304309,0.0389566,9.71455e-10,2.24494e-08,22.4538,3.7759,0
466.634,829.848,899.718,308.036,725.422,36.7365,2105.47,1974.84,0.000265864,0.0162044,-1.50618e-09,-1.29493e-08,25.8259,3.91345,0
304.453,815.19,1278.84,442.708,856.946,24.5367,1222.86,1120.99,0.00035537,0.094445,5.05129e-09,3.13484e-08,26.8873,11.2689,0
551.761,1086.47,982.434,520.685,896.312,31.5827,1483.13,1725.24,0.000285431,0.122472,3.95924e-09,3.3548e-08,18.562,0.364758,1
519.408,831.386,1010.17,471.946,950.448,8.01679,1050.22,528.829,0.000367833,0.090333,2.68587e-09,2.07595e-08,20.4509,4.18991,1
319,615.08,409.026,275.478,620.538,20.0788,1083.09,982.714,0.000357832,0.174622,5.27745e-09,5.29651e-08,23.6923,0.546592,0
472.413,585.559,1134.99,368.975,744.867,29.3464,2145.14,1569.65,0.00029933,0.204065,8.90658e-09,7.86929e-08,15.7337,4.04056,1
256.306,720.434,887.921,245.043,415.449,23.5813,1436.76,1042.28,0.000359195,0.0977149,2.78801e-09,2.77754e-08,24.3418,1.82773,0
234.465,520.632,522.767,169.146,423.292,29.3031,2075.27,1987.42,0.000319,0.140711,7.36713e-09,3.51901e-08,24.1376,1.97925,0
331.717,612.359,856.405,300.006,721.4,32.4668,2091.17,1673.8,0.000299432,0.0478964,1.11261e-09,1.87717e-08,18.9291,0.754693,1
318.021,691.625,682.783,286.529,761.278,33.1873,2035.33,1731.94,0.000330615,0.0662206,4.78649e-09,4.85222e-08,26.3124,2.40135,0
478.412,990.307,1053.13,416.347,922.605,36.7131,2141.59,1674.59,0.000292114,0.07733,4.48636e-09,2.32992e-08,25.4992,1.08355,0
309.472,890.757,1021.07,297.785,643.731,30.5096,2200.63,1896.43,0.000338207,0.142817,6.28821e-09,3.51393e-08,20.4018,2.80103,1
675.757,1105.09,1110.17,595.335,1169.29,15.4478,965.992,656.763,0.000345944,0.119461,3.5656e-09,3.9443e-08,22.4581,1.59615,0
488.179,823.442,991.833,516.912,858.999,17.6616,1325.04,879.758,0.000348036,0.164574,6.152e-09,6.60642e-08,22.5492,2.21053,0
459.759,1181.26,946.726,428.519,913.565,30.8556,1183.52,1774.04,0.000303217,0.0115546,-1.56104e-10,-3.61069e-09,31.5215,4.73869,0
283.481,410.155,403.086,144.836,426.026,14.7929,861.69,485.019,0.000373441,0.0949366,3.46981e-09,2.34888e-08,27.1938,0.18104,0
631.76,903.404,835.402,471.682,790.291,44.3311,2442.41,2670.69,0.000268495,0.121329,6.37861e-09,4.74521e-08,19.2318,4.2352,1
299.737,616.553,822.713,339.724,805.849,8.05081,593.191,991.998,0.000351069,0.180446,9.00425e-09,5.58938e-08,16.5299,1.36679,1
135.694,483.773,306.954,165.676,388.092,19.5078,1203.34,1150.38,0.000348471,0.0520312,7.00342e-10,2.3939e-08,24.2903,3.37052,0
377.128,747.69,679.112,383.84,659.11,30.1022,1751.58,1978.9,0.000312428,0.147291,4.18841e-09,5.28394e-08,23.0813,3.94612,0
601.001,797.704,810.652,423.347,773.416,39.4385,1936.56,2013.26,0.000313667,0.107795,5.77784e-09,4.00034e-08,25.4226,3.80262,0
76.0748,522.546,495.444,117.58,184.699,29.6648,1966.49,1538.25,0.000327389,0.103192,4.00902e-09,4.01122e-08,26.6569,4.72702,0
555.621,1102.61,1171.45,461.342,794.983,27.1612,1522.36,1462.75,0.000298674,0.116636,4.04404e-09,4.37424e-08,29.3575,1.43639,0
535.007,1075.77,1257.5,461.831,920.063,32.0002,1968.62,1840.45,0.000322511,0.128532,6.74961e-09,6.26173e-08,20.0909,1.12672,1
320.232,638.845,505.33,342.631,734.75,19.2199,1277.36,1619.38,0.000341263,0.179106,8.05751e-09,5.87312e-08,20.9612,1.08277,1
273.914,746.957,296.63,317.838,532.16,42.217,2650.1,2520.73,0.000293459,0.0996905,5.76454e-09,1.16551e-08,18.3233,4.1616,1
167.644,562.179,653.111,268.814,546.753,20.6681,1516.64,1264.45,0.000299882,0.0851921,4.20869e-09,2.95838e-08,19.9434,1.78471,1
353.069,570.212,913.586,292.606,743.723,35.1236,1507.56,2085.05,0.000335073,0.0606064,2.19322e-09,8.05096e-09,18.9898,1.62735,1
365.527,720.823,717.294,315.656,738.139,29.9514,1962.85,2174.26,0.000335944,0.110002,4.07794e-09,4.41874e-08,22.7892,4.35822,0
371.693,759.919,827.984,224.765,804.336,18.5633,744.829,1110.72,0.000339185,0.108857,5.3865e-09,4.78519e-08,24.8705,2.21103,0
265.269,606.632,827.739,309.082,710.185,12.978,1304.39,1286.15,0.00039487,0.126662,3.34644e-09,6.13239e-08,22.5221,7.09994,0
29.7366,167.669,504.971,106.88,280.243,31.6703,1820.99,1895.97,0.000279048,0.0558774,3.18754e-09,1.88558e-08,24.7908,1.8278,0
129.658,183.655,248.783,69.6816,142.949,25.5819,2055.22,1935.46,0.000343324,0.138858,5.12963e-09,5.00643e-08,22.1369,2.38192,1
797.782,1311.45,1565.45,713.135,1201.66,35.4789,1983.72,1436.52,0.000262011,0.0900189,2.28234e-09,1.45242e-08,22.6135,3.41573,0
714.315,1134.18,1372.67,598.782,1320.78,33.8791,2381.99,2059.46,0.000267249,0.0364844,-4.27721e-11,-4.50539e-09,27.963,5.35876,0
382.706,839.115,956.577,326.4,665.077,25.0653,874.122,1327.2,0.00034402,0.107103,4.63348e-09,4.87046e-08,24.9185,3.73619,0
323.003,518.123,341.192,298.822,548.113,26.3638,1443.21,1462.67,0.000335281,0.188651,7.41048e-09,3.88628e-08,24.9611,0.286918,0
663.514,1199.36,1292.64,689.617,1026.46,33.2553,1998.93,1569.26,0.000314302,0.135444,6.91096e-09,5.77183e-08,19.7498,2.52324,1
386.267,773.323,910.594,399.498,632.726,30.8712,1548.49,1386.97,0.000306767,0.140084,4.16611e-09,6.43471e-08,23.2191,4.78709,0
289.971,587.786,954.491,246.369,626.701,39.5794,2190.7,2796.73,0.00023919,0.0687319,1.71628e-09,-1.2813e-08,27.8979,5.07577,0
426.479,893.732,867.154,332.233,711.939,30.7174,1970.17,1669.17,0.000325122,0.0907553,5.81816e-09,5.94086e-08,26.2429,2.44861,0
444.395,759.494,1036.63,461.251,851.233,20.8718,959.579,1363.56,0.000408334,0.0812667,3.44528e-09,2.2853e-08,18.3449,5.92153,1
246.645,341.186,385.599,216.07,418.322,21.8069,1367.68,1459.32,0.0003282,0.0461572,3.59262e-09,1.95261e-08,23.4292,1.24423,0
489.208,1002.47,891.643,475.097,841.208,14.0742,1700.77,1770.05,0.000341713,0.132642,5.50154e-09,3.23396e-08,21.901,1.93983,1
277.817,470.162,407.162,270.456,677.856,20.0195,1630.38,1697.48,0.000310431,0.0659704,2.68452e-09,3.77085e-08,31.6369,1.30659,0
349.6,616.309,456.802,266.655,757.539,18.5648,1513.11,1390.25,0.000291985,0.13784,7.35607e-09,6.89314e-08,17.6775,3.30873,1
630.726,1162.84,1143.02,502.296,833.764,33.2538,2193.19,2127.21,0.000315986,0.112793,3.01401e-09,6.17106e-08,24.8915,0.398677,0
257.679,856.88,964.194,412.301,766.258,25.8504,1300.67,1373.31,0.000298606,0.189493,8.5391e-09,7.40981e-08,23.8091,2.76502,0
